[
    {
      "id": 1,
      "type": "primary",
      "title": "Article",
      "text": "Learn everything you need to know getting help with Lorem Ipsum"
    },
    {
        "id": 2,
        "type": "success",
        "title": "Article",
        "text": "Learn the basics via this module-based course."
    },
    {
        "id": 3,
        "type": "secondary",
        "title": "Article",
        "text": "Does Lorem comply with the General Data Protection Regulation for EU customers?"
    },
    {
        "id": 4,
        "type": "warning",
        "title": "Article",
        "text": "Learn everything you need to know getting help with Lorem Ipsum"
    },
    {
        "id": 5,
        "type": "info",
        "title": "Article",
        "text": "Does Lorem comply with the General Data Protection Regulation for EU customers?"
    },
    {
        "id": 6,
        "type": "danger",
        "title": "Article",
        "text": "Learn the basics via this module-based course."
    }
]